Renamed '21 CONDUIT St.png' to '21_conduit_st.png'
Renamed 'ALLURE HOMME SPORT.png' to 'allure_homme_sport.png'
Renamed 'BERGAMOT 22.png' to 'bergamot_22.png'
Renamed 'BLACK ORCHID.png' to 'black_orchid.png'
Renamed 'BLACK SAFFRON.png' to 'black_saffron.png'
Renamed 'BLANCHE.png' to 'blanche.png'
Renamed 'CINQUANTA.png' to 'cinquanta.png'
Renamed 'DARK AMBER & GINGER LILY.png' to 'dark_amber_&_ginger_lily.png'
Renamed 'DO SON.png' to 'do_son.png'
Renamed 'EAU DE MINTHE.png' to 'eau_de_minthe.png'
Renamed 'ENGLISH PEAR & FREESIA.png' to 'english_pear_&_freesia.png'
Renamed 'FABULOUS.png' to 'fabulous.png'
Renamed 'GOLDEN EYES.png' to 'golden_eyes.png'
Renamed 'HWYL.png' to 'hwyl.png'
Renamed 'JAZZ CLUB.png' to 'jazz_club.png'
Renamed 'L'OMBRE DANS LEAU.png' to 'l'ombre_dans_leau.png'
Renamed 'LAZY SUNDAY MORNING.png' to 'lazy_sunday_morning.png'
Renamed 'LICHEN D'ECOSE.png' to 'lichen_d'ecose.png'
Renamed 'LORD GEORGE.png' to 'lord_george.png'
Renamed 'MIRTO DI PANAREA.png' to 'mirto_di_panarea.png'
Renamed 'MIXED EMOTIONS.png' to 'mixed_emotions.png'
Renamed 'MOJAVE GHOST.png' to 'mojave_ghost.png'
Renamed 'MOONLIGHT IN HEAVEN.png' to 'moonlight_in_heaven.png'
Renamed 'MUSC RAVAGEUR.png' to 'musc_ravageur.png'
Renamed 'MYRRH&TONKA.png' to 'myrrh&tonka.png'
Renamed 'NEROLI PORTOFINO.png' to 'neroli_portofino.png'
Renamed 'ORPHEON.png' to 'orpheon.png'
Renamed 'OUD SATIN MOOD.png' to 'oud_satin_mood.png'
Renamed 'OUD WOOD.png' to 'oud_wood.png'
Renamed 'SANTAL 33.png' to 'santal_33.png'
Renamed 'TEMPO.png' to 'tempo.png'
Renamed 'TERRE D'HERMES.png' to 'terre_d'hermes.png'
Renamed 'THE MATCHA 26.png' to 'the_matcha_26.png'
Renamed 'VETYVERIO.png' to 'vetyverio.png'
Renamed 'WHITE SUEDE.png' to 'white_suede.png'
Renamed 'WOOD SAGE & SEA SALT.png' to 'wood_sage_&_sea_salt.png'
